{
    "mapping": {
        "lazy": "!",
        "Birds": "\"",
        "at": "#",
        "fox": "$",
        "day": "%",
        "The": "&",
        "walking": "'",
        "brown": "(",
        "dog": ")",
        "happy": "*",
        "playing.": "+",
        "a": ",",
        "over": "-",
        "in": ".",
        "jumps": "/",
        "dog.": "0",
        "park.": "1",
        "beautiful": "2",
        "bright.": "3",
        "and": "4",
        "scene": "5",
        "today.": "6",
        "are": "7",
        "looks": "8",
        "dogs": "9",
        "singing": ":",
        "to": ";",
        "is": "<",
        "quick": "=",
        "People": ">",
        "It": "?",
        "barks": "@",
        "shining": "A",
        "the": "B",
        "children": "C",
        "sunny": "D",
        "fox.": "E",
        "watch.": "F",
        "sun": "G",
        "their": "H"
    },
    "matrix": {
        "&": {
            "=": 0.6666666666666666,
            ")": 0.3333333333333333
        },
        "=": {
            "(": 1.0
        },
        "(": {
            "$": 1.0
        },
        "$": {
            "/": 0.5,
            "8": 0.5
        },
        "/": {
            "-": 1.0
        },
        "-": {
            "B": 1.0
        },
        "B": {
            "!": 0.25,
            "E": 0.25,
            "1": 0.25,
            "G": 0.25
        },
        "!": {
            "0": 1.0
        },
        "0": {
            "&": 1.0
        },
        ")": {
            "@": 1.0
        },
        "@": {
            "#": 1.0
        },
        "#": {
            "B": 1.0
        },
        "E": {
            "?": 1.0
        },
        "?": {
            "<": 1.0
        },
        "<": {
            ",": 0.6666666666666666,
            "A": 0.3333333333333333
        },
        ",": {
            "D": 0.5,
            "2": 0.5
        },
        "D": {
            "%": 1.0
        },
        "%": {
            ".": 1.0
        },
        ".": {
            "B": 1.0
        },
        "1": {
            "\"": 1.0
        },
        "\"": {
            "7": 1.0
        },
        "7": {
            ":": 0.3333333333333333,
            "'": 0.3333333333333333,
            "+": 0.3333333333333333
        },
        ":": {
            "4": 1.0
        },
        "4": {
            "B": 0.5,
            "C": 0.5
        },
        "G": {
            "<": 1.0
        },
        "A": {
            "3": 1.0
        },
        "3": {
            ">": 1.0
        },
        ">": {
            "7": 1.0
        },
        "'": {
            "H": 1.0
        },
        "H": {
            "9": 1.0
        },
        "9": {
            "4": 1.0
        },
        "C": {
            "7": 1.0
        },
        "+": {
            "?": 1.0
        },
        "2": {
            "5": 1.0
        },
        "5": {
            ";": 1.0
        },
        ";": {
            "F": 1.0
        },
        "F": {
            "&": 1.0
        },
        "8": {
            "*": 1.0
        },
        "*": {
            "6": 1.0
        }
    }
}